Workbook

Sheet สรุป
B2: ใบตรวจราคา mstgolf.co.th
B3: ข้อมูลสินค้าดึงจากหน้าเว็บสาธารณะ mstgolf.co.th และ mstgolf.com.sg (products.json) เมื่อ 27 ก.ย. 2026 · จัดทำโดย ORIONS
B5: ค่าที่ใช้คำนวณ
B6: อัตราแลกเปลี่ยนอ้างอิง (บาท ต่อ 1 SGD) | C6: 25 | D6: ตัวเลขตัวอย่าง — แก้เป็นอัตราวันที่ตรวจ ใช้แค่คอลัมน์ N ในแท็บ สินค้า
B8: สิ่งที่พบ
B9: สินค้าบน mstgolf.co.th | C9: =COUNTA('สินค้า'!$C$2:$C$5575) | D9: นับเป็นรายการสินค้า (ตัวเลือกไซส์/สีรวมอยู่ในรายการเดียว)
B10: สินค้าที่มีสต็อกบนเว็บ | C10: =COUNTIF('สินค้า'!$I$2:$I$5575,"มี")
B11: สินค้าที่พบในร้านสิงคโปร์ (SKU เดียวกัน) | C11: =COUNTIF('สินค้า'!$M$2:$M$5575,"<>ไม่พบใน SG")
B12: ในจำนวนนั้น ราคาตรงกับร้านสิงคโปร์ทุกตัวเลข | C12: =COUNTIF('สินค้า'!$M$2:$M$5575,"ตรงกัน") | D12: ตัวเลขเดียวกับราคา SGD แต่แสดงเป็นบาท
B13: สัดส่วนที่ราคาตรงกับร้านสิงคโปร์ | C13: =IFERROR(C12/C11,0)
B14: ราคากลางของสินค้าทั้งหมดบนเว็บ (฿) | C14: =MEDIAN('สินค้า'!$J$2:$J$5575) | D14: ร้านกอล์ฟในไทยไม่มีราคากลางระดับนี้
B15: ราคากลางของไม้กอล์ฟ (฿) | C15: =MEDIAN('สินค้า'!$T$2:$T$5575) | D15: เช่น ไดรเวอร์ PING G425 แสดง ฿699
B16: สินค้าที่ราคาเป็น 0 | C16: =COUNTIF('สินค้า'!$J$2:$J$5575,0)
B18: สรุป: ราคาบน mstgolf.co.th เป็นราคาร้านสิงคโปร์ (SGD) ที่ใส่สัญลักษณ์บาท ต้องใส่ราคาบาทจริงก่อนเปิดขาย
B20: วิธีใช้
B21: 1. แท็บ แบรนด์ — ระบุว่าแบรนด์ไหนขายออนไลน์ในไทยได้ และใครเป็นผู้แทน (ช่องสีเหลือง)
B22: 2. แท็บ สินค้า — เรียงตามลำดับตรวจ: 1 = ไม้กอล์ฟและอุปกรณ์วัดระยะ · 2 = รองเท้า ถุง ลูก ถุงมือ รถเข็น · 3 = เสื้อผ้าและอุปกรณ์เสริม
B23: 3. กรอกเฉพาะช่องสีเหลือง: ราคาขายไทย · ราคาเต็มก่อนลด (ถ้ามีโปร) · ขายในไทย? · หมายเหตุ
B24: 4. สินค้าที่ยังไม่มีราคาไทย ให้ใส่ ไม่ขาย — ORIONS จะซ่อนจากเว็บจนกว่าจะมีราคา
B25: 5. ถ้าช่อง ราคาในตัวเลือก ขึ้นว่า ต่างกัน แปลว่าไซส์/สเปกมีราคาไม่เท่ากัน ให้เขียนราคาแต่ละแบบในหมายเหตุ
B26: ช่องสีเหลือง ตัวอักษรสีน้ำเงิน = ช่องที่ MST กรอก · ตัวอักษรสีเขียว = คำนวณจากแท็บอื่น · ที่เหลือเป็นข้อมูลจากเว็บ ไม่ต้องแก้
B28: ตัวอย่างการกรอก (ไม่ใช่ข้อมูลจริง)
B29: ชื่อสินค้า | C29: ราคาขายไทย (฿) | D29: ราคาเต็มก่อนลด (฿) · ขายในไทย? · หมายเหตุ
B30: PING G425 Max Men's Driver | C30: 15900 | D30: 18,900 · ขาย · ก้าน Regular และ Stiff ราคาเดียวกัน

Sheet สินค้า
A1: ลำดับตรวจ | B1: หมวด | C1: Handle | D1: ชื่อสินค้า | E1: แบรนด์ | F1: ประเภท (ร้านกลุ่ม) | G1: SKU | H1: ตัวเลือก | I1: สต็อกบนเว็บ | J1: ราคาที่แสดงตอนนี้ (฿) | K1: ราคาในตัวเลือก | L1: ราคาร้าน SG (SGD) | M1: เทียบราคา SG | N1: ประมาณ ฿ จากราคา SG (อ้างอิง) | O1: ราคาขายไทย (฿) | P1: ราคาเต็มก่อนลด (฿) | Q1: ขายในไทย? | R1: หมายเหตุ | S1: ลิงก์ | T1: ช่วยคำนวณ
A2: 1 | B2: ไม้กอล์ฟ | C2: gf1250100182 | D2: MAJESTY HER MAJESTY (2023) Women's Package Set | E2: MAJESTY | F2: PACKAGE SET | G2: GF1250100182 | H2: 1 | I2: มี | J2: 17700 | L2: 17700 | M2: =IF(L2="","ไม่พบใน SG",IF(ABS(J2-L2)<0.005,"ตรงกัน","ไม่ตรง")) | N2: =IF(L2="","",ROUND(L2*'สรุป'!$C$6,-1)) | S2: https://mstgolf.co.th/products/gf1250100182 | T2: =IF(B2="ไม้กอล์ฟ",J2,"")
A3: 1 | B3: ไม้กอล์ฟ | C3: gf1250100165 | D3: TAYLORMADE Stealth Gloire Graphite (2023) Men's Package Set | E3: TAYLORMADE | F3: PACKAGE SET | G3: GF1250100165R | H3: 1 | I3: มี | J3: 5900 | M3: =IF(L3="","ไม่พบใน SG",IF(ABS(J3-L3)<0.005,"ตรงกัน","ไม่ตรง")) | N3: =IF(L3="","",ROUND(L3*'สรุป'!$C$6,-1)) | S3: https://mstgolf.co.th/products/gf1250100165 | T3: =IF(B3="ไม้กอล์ฟ",J3,"")
A4: 1 | B4: ไม้กอล์ฟ | C4: gf1210101111 | D4: MAJESTY Prestigio 13 Merlion LE (2024) Men's Driver | E4: MAJESTY | F4: DRIVER | G4: GF1210101111105R | H4: 2 | I4: มี | J4: 2590 | M4: =IF(L4="","ไม่พบใน SG",IF(ABS(J4-L4)<0.005,"ตรงกัน","ไม่ตรง")) | N4: =IF(L4="","",ROUND(L4*'สรุป'!$C$6,-1)) | S4: https://mstgolf.co.th/products/gf1210101111 | T4: =IF(B4="ไม้กอล์ฟ",J4,"")
A5: 1 | B5: ไม้กอล์ฟ | C5: gf1250100195 | D5: TAYLORMADE Kalea Gold (2024) Women's Package Set | E5: TAYLORMADE | F5: PACKAGE SET | G5: GF1250100195 | H5: 1 | I5: มี | J5: 2590 | L5: 2590 | M5: =IF(L5="","ไม่พบใน SG",IF(ABS(J5-L5)<0.005,"ตรงกัน","ไม่ตรง")) | N5: =IF(L5="","",ROUND(L5*'สรุป'!$C$6,-1)) | S5: https://mstgolf.co.th/products/gf1250100195 | T5: =IF(B5="ไม้กอล์ฟ",J5,"")
A6: 1 | B6: ไม้กอล์ฟ | C6: gf1280101355 | D6: TAYLORMADE P790 Satin Charcoal (2025) Men's Irons | E6: TAYLORMADE | F6: SET OF IRONS | G6: GF1280101355S | H6: 1 | I6: มี | J6: 2150 | L6: 2150 | M6: =IF(L6="","ไม่พบใน SG",IF(ABS(J6-L6)<0.005,"ตรงกัน","ไม่ตรง")) | N6: =IF(L6="","",ROUND(L6*'สรุป'!$C$6,-1)) | S6: https://mstgolf.co.th/products/gf1280101355 | T6: =IF(B6="ไม้กอล์ฟ",J6,"")
A7: 1 | B7: ไม้กอล์ฟ | C7: gf1280101388 | D7: TITLEIST T100 (2025) Men's Irons | E7: TITLEIST | F7: SET OF IRONS | G7: GF1280101389S | H7: 2 | I7: มี | J7: 2059 | L7: 2059 | M7: =IF(L7="","ไม่พบใน SG",IF(ABS(J7-L7)<0.005,"ตรงกัน","ไม่ตรง")) | N7: =IF(L7="","",ROUND(L7*'สรุป'!$C$6,-1)) | S7: https://mstgolf.co.th/products/gf1280101388 | T7: =IF(B7="ไม้กอล์ฟ",J7,"")
A8: 1 | B8: ไม้กอล์ฟ | C8: gf1280101395 | D8: TITLEIST T350 (2025) Men's Irons | E8: TITLEIST | F8: SET OF IRONS | G8: GF1280101395R | H8: 4 | I8: มี | J8: 2059 | K8: ต่างกัน | L8: 2059 | M8: =IF(L8="","ไม่พบใน SG",IF(ABS(J8-L8)<0.005,"ตรงกัน","ไม่ตรง")) | N8: =IF(L8="","",ROUND(L8*'สรุป'!$C$6,-1)) | S8: https://mstgolf.co.th/products/gf1280101395 | T8: =IF(B8="ไม้กอล์ฟ",J8,"")
A9: 1 | B9: ไม้กอล์ฟ | C9: gf1250100163 | D9: TAYLORMADE Kalea Navy/Light Grey (2022) Women's Package Set | E9: TAYLORMADE | F9: PACKAGE SET | G9: GF1250100163 | H9: 1 | I9: มี | J9: 2050 | L9: 2050 | M9: =IF(L9="","ไม่พบใน SG",IF(ABS(J9-L9)<0.005,"ตรงกัน","ไม่ตรง")) | N9: =IF(L9="","",ROUND(L9*'สรุป'!$C$6,-1)) | S9: https://mstgolf.co.th/products/gf1250100163 | T9: =IF(B9="ไม้กอล์ฟ",J9,"")
A10: 1 | B10: ไม้กอล์ฟ | C10: gf1280101221 | D10: TAYLORMADE P770 (2024) Men's Irons | E10: TAYLORMADE | F10: SET OF IRONS | G10: GF1280101222S | H10: 3 | I10: มี | J10: 2050 | L10: 2050 | M10: =IF(L10="","ไม่พบใน SG",IF(ABS(J10-L10)<0.005,"ตรงกัน","ไม่ตรง")) | N10: =IF(L10="","",ROUND(L10*'สรุป'!$C$6,-1)) | S10: https://mstgolf.co.th/products/gf1280101221 | T10: =IF(B10="ไม้กอล์ฟ",J10,"")
A11: 1 | B11: ไม้กอล์ฟ | C11: gf1280101304 | D11: TAYLORMADE P790 (2025) Men's Irons | E11: TAYLORMADE | F11: SET OF IRONS | G11: GF1280101307S | H11: 5 | I11: มี | J11: 2050 | K11: ต่างกัน | L11: 2050 | M11: =IF(L11="","ไม่พบใน SG",IF(ABS(J11-L11)<0.005,"ตรงกัน","ไม่ตรง")) | N11: =IF(L11="","",ROUND(L11*'สรุป'!$C$6,-1)) | S11: https://mstgolf.co.th/products/gf1280101304 | T11: =IF(B11="ไม้กอล์ฟ",J11,"")
A12: 1 | B12: ไม้กอล์ฟ | C12: gf1280101223 | D12: TAYLORMADE P7CB (2024) Men's Irons | E12: TAYLORMADE | F12: SET OF IRONS | G12: GF1280101223S | H12: 1 | I12: มี | J12: 2050 | L12: 2050 | M12: =IF(L12="","ไม่พบใน SG",IF(ABS(J12-L12)<0.005,"ตรงกัน","ไม่ตรง")) | N12: =IF(L12="","",ROUND(L12*'สรุป'!$C$6,-1)) | S12: https://mstgolf.co.th/products/gf1280101223 | T12: =IF(B12="ไม้กอล์ฟ",J12,"")
A13: 1 | B13: ไม้กอล์ฟ | C13: gf1280101245 | D13: YAMAHA Inpres DriveStar Type/D (2025) Men's Irons | E13: YAMAHA | F13: SET OF IRONS | G13: GF1280101245R | H13: 2 | I13: มี | J13: 2050 | L13: 990 | M13: =IF(L13="","ไม่พบใน SG",IF(ABS(J13-L13)<0.005,"ตรงกัน","ไม่ตรง")) | N13: =IF(L13="","",ROUND(L13*'สรุป'!$C$6,-1)) | S13: https://mstgolf.co.th/products/gf1280101245 | T13: =IF(B13="ไม้กอล์ฟ",J13,"")
A14: 1 | B14: ไม้กอล์ฟ | C14: gf1280101246 | D14: YAMAHA Inpres DriveStar Type/S (2025) Men's Irons | E14: YAMAHA | F14: SET OF IRONS | G14: GF1280101246S | H14: 1 | I14: มี | J14: 2050 | L14: 990 | M14: =IF(L14="","ไม่พบใน SG",IF(ABS(J14-L14)<0.005,"ตรงกัน","ไม่ตรง")) | N14: =IF(L14="","",ROUND(L14*'สรุป'!$C$6,-1)) | S14: https://mstgolf.co.th/products/gf1280101246 | T14: =IF(B14="ไม้กอล์ฟ",J14,"")
A15: 1 | B15: ไม้กอล์ฟ | C15: gf1280101158 | D15: PING Blueprint S (2024) Men's Irons | E15: PING | F15: SET OF IRONS | G15: GF1280101158S | H15: 1 | I15: มี | J15: 1930 | L15: 1930 | M15: =IF(L15="","ไม่พบใน SG",IF(ABS(J15-L15)<0.005,"ตรงกัน","ไม่ตรง")) | N15: =IF(L15="","",ROUND(L15*'สรุป'!$C$6,-1)) | S15: https://mstgolf.co.th/products/gf1280101158 | T15: =IF(B15="ไม้กอล์ฟ",J15,"")
A16: 1 | B16: ไม้กอล์ฟ | C16: gf1280101159 | D16: PING Blueprint T (2024) Men's Irons | E16: PING | F16: SET OF IRONS | G16: GF1280101159S | H16: 1 | I16: มี | J16: 1930 | L16: 1930 | M16: =IF(L16="","ไม่พบใน SG",IF(ABS(J16-L16)<0.005,"ตรงกัน","ไม่ตรง")) | N16: =IF(L16="","",ROUND(L16*'สรุป'!$C$6,-1)) | S16: https://mstgolf.co.th/products/gf1280101159 | T16: =IF(B16="ไม้กอล์ฟ",J16,"")
A17: 1 | B17: ไม้กอล์ฟ | C17: gf1280101381 | D17: MIZUNO Pro M-15 (2026) Men's Irons | E17: MIZUNO | F17: SET OF IRONS | G17: GF1280101381S | H17: 2 | I17: มี | J17: 1870 | L17: 1870 | M17: =IF(L17="","ไม่พบใน SG",IF(ABS(J17-L17)<0.005,"ตรงกัน","ไม่ตรง")) | N17: =IF(L17="","",ROUND(L17*'สรุป'!$C$6,-1)) | S17: https://mstgolf.co.th/products/gf1280101381 | T17: =IF(B17="ไม้กอล์ฟ",J17,"")
A18: 1 | B18: ไม้กอล์ฟ | C18: gf1250100218 | D18: TAYLORMADE RBZ (2025) Graphite Men's Package Set | E18: TAYLORMADE | F18: PACKAGE SET | G18: GF1250100218R | H18: 1 | I18: มี | J18: 1850 | L18: 1850 | M18: =IF(L18="","ไม่พบใน SG",IF(ABS(J18-L18)<0.005,"ตรงกัน","ไม่ตรง")) | N18: =IF(L18="","",ROUND(L18*'สรุป'!$C$6,-1)) | S18: https://mstgolf.co.th/products/gf1250100218 | T18: =IF(B18="ไม้กอล์ฟ",J18,"")
A19: 1 | B19: ไม้กอล์ฟ | C19: gf1280101156 | D19: PING I530 (2024) Men's Irons | E19: PING | F19: SET OF IRONS | G19: GF1280101157S | H19: 3 | I19: มี | J19: 1790 | K19: ต่างกัน | L19: 1450 | M19: =IF(L19="","ไม่พบใน SG",IF(ABS(J19-L19)<0.005,"ตรงกัน","ไม่ตรง")) | N19: =IF(L19="","",ROUND(L19*'สรุป'!$C$6,-1)) | S19: https://mstgolf.co.th/products/gf1280101156 | T19: =IF(B19="ไม้กอล์ฟ",J19,"")
A20: 1 | B20: ไม้กอล์ฟ | C20: gf1280101281 | D20: ONOFF LP425I (2025) Women's Irons | E20: ONOFF | F20: SET OF IRONS | G20: GF1280101282L | H20: 4 | I20: มี | J20: 1750 | L20: 1750 | M20: =IF(L20="","ไม่พบใน SG",IF(ABS(J20-L20)<0.005,"ตรงกัน","ไม่ตรง")) | N20: =IF(L20="","",ROUND(L20*'สรุป'!$C$6,-1)) | S20: https://mstgolf.co.th/products/gf1280101281 | T20: =IF(B20="ไม้กอล์ฟ",J20,"")
A21: 1 | B21: ไม้กอล์ฟ | C21: gf1280101284 | D21: ONOFF LP425I Green (2025) Women's Irons | E21: ONOFF | F21: SET OF IRONS | G21: GF1280101284L | H21: 1 | I21: มี | J21: 1750 | L21: 1750 | M21: =IF(L21="","ไม่พบใน SG",IF(ABS(J21-L21)<0.005,"ตรงกัน","ไม่ตรง")) | N21: =IF(L21="","",ROUND(L21*'สรุป'!$C$6,-1)) | S21: https://mstgolf.co.th/products/gf1280101284 | T21: =IF(B21="ไม้กอล์ฟ",J21,"")
A22: 1 | B22: ไม้กอล์ฟ | C22: gf1280101283 | D22: ONOFF LP425I Pink (2025) Women's Irons | E22: ONOFF | F22: SET OF IRONS | G22: GF1280101283L | H22: 1 | I22: มี | J22: 1750 | L22: 1750 | M22: =IF(L22="","ไม่พบใน SG",IF(ABS(J22-L22)<0.005,"ตรงกัน","ไม่ตรง")) | N22: =IF(L22="","",ROUND(L22*'สรุป'!$C$6,-1)) | S22: https://mstgolf.co.th/products/gf1280101283 | T22: =IF(B22="ไม้กอล์ฟ",J22,"")
A23: 1 | B23: ไม้กอล์ฟ | C23: gf1280101247 | D23: YAMAHA Inpres DriveStar (2025) Women's Irons | E23: YAMAHA | F23: SET OF IRONS | G23: GF1280101247L | H23: 1 | I23: มี | J23: 1750 | L23: 850 | M23: =IF(L23="","ไม่พบใน SG",IF(ABS(J23-L23)<0.005,"ตรงกัน","ไม่ตรง")) | N23: =IF(L23="","",ROUND(L23*'สรุป'!$C$6,-1)) | S23: https://mstgolf.co.th/products/gf1280101247 | T23: =IF(B23="ไม้กอล์ฟ",J23,"")
A24: 1 | B24: ไม้กอล์ฟ | C24: gf1280101160 | D24: PING G730 (2024) Men's Irons | E24: PING | F24: SET OF IRONS | G24: GF1280101161R | H24: 2 | I24: มี | J24: 1690 | K24: ต่างกัน | L24: 1690 | M24: =IF(L24="","ไม่พบใน SG",IF(ABS(J24-L24)<0.005,"ตรงกัน","ไม่ตรง")) | N24: =IF(L24="","",ROUND(L24*'สรุป'!$C$6,-1)) | S24: https://mstgolf.co.th/products/gf1280101160 | T24: =IF(B24="ไม้กอล์ฟ",J24,"")
A25: 1 | B25: ไม้กอล์ฟ | C25: gf1250100219 | D25: TAYLORMADE RBZ (2025) Steel Men's Package Set | E25: TAYLORMADE | F25: PACKAGE SET | G25: GF1250100219R | H25: 1 | I25: มี | J25: 1690 | L25: 1690 | M25: =IF(L25="","ไม่พบใน SG",IF(ABS(J25-L25)<0.005,"ตรงกัน","ไม่ตรง")) | N25: =IF(L25="","",ROUND(L25*'สรุป'!$C$6,-1)) | S25: https://mstgolf.co.th/products/gf1250100219 | T25: =IF(B25="ไม้กอล์ฟ",J25,"")
A26: 1 | B26: ไม้กอล์ฟ | C26: gf1280101105 | D26: YAMAHA RMX VD/X (2024) Men's Irons (8 Clubs) | E26: YAMAHA | F26: SET OF IRONS | G26: GF1280101106SR | H26: 4 | I26: มี | J26: 1650 | K26: ต่างกัน | L26: 825 | M26: =IF(L26="","ไม่พบใน SG",IF(ABS(J26-L26)<0.005,"ตรงกัน","ไม่ตรง")) | N26: =IF(L26="","",ROUND(L26*'สรุป'!$C$6,-1)) | S26: https://mstgolf.co.th/products/gf1280101105 | T26: =IF(B26="ไม้กอล์ฟ",J26,"")
A27: 1 | B27: ไม้กอล์ฟ | C27: gf1280101131 | D27: CALLAWAY Apex Pro (2024) Men's Irons | E27: CALLAWAY | F27: SET OF IRONS | G27: GF1280101131S | H27: 1 | I27: มี | J27: 1647 | L27: 1647 | M27: =IF(L27="","ไม่พบใน SG",IF(ABS(J27-L27)<0.005,"ตรงกัน","ไม่ตรง")) | N27: =IF(L27="","",ROUND(L27*'สรุป'!$C$6,-1)) | S27: https://mstgolf.co.th/products/gf1280101131 | T27: =IF(B27="ไม้กอล์ฟ",J27,"")
A28: 1 | B28: ไม้กอล์ฟ | C28: gf1280100966 | D28: MARUMAN SG M230 (2023) Women's Irons | E28: MARUMAN | F28: SET OF IRONS | G28: GF1280100966L | H28: 1 | I28: มี | J28: 1590 | L28: 1590 | M28: =IF(L28="","ไม่พบใน SG",IF(ABS(J28-L28)<0.005,"ตรงกัน","ไม่ตรง")) | N28: =IF(L28="","",ROUND(L28*'สรุป'!$C$6,-1)) | S28: https://mstgolf.co.th/products/gf1280100966 | T28: =IF(B28="ไม้กอล์ฟ",J28,"")
A29: 1 | B29: ไม้กอล์ฟ | C29: gf1280101300 | D29: PING G440 HL (2025) Men's Irons | E29: PING | F29: SET OF IRONS | G29: GF1280101300 | H29: 1 | I29: มี | J29: 1590 | M29: =IF(L29="","ไม่พบใน SG",IF(ABS(J29-L29)<0.005,"ตรงกัน","ไม่ตรง")) | N29: =IF(L29="","",ROUND(L29*'สรุป'!$C$6,-1)) | S29: https://mstgolf.co.th/products/gf1280101300 | T29: =IF(B29="ไม้กอล์ฟ",J29,"")
A30: 1 | B30: ไม้กอล์ฟ | C30: gf1280101420 | D30: TAYLORMADE Qi Max (2026) Men's Irons | E30: TAYLORMADE | F30: SET OF IRONS | G30: GF1280101423R | H30: 6 | I30: มี | J30: 1590 | K30: ต่างกัน | L30: 1590 | M30: =IF(L30="","ไม่พบใน SG",IF(ABS(J30-L30)<0.005,"ตรงกัน","ไม่ตรง")) | N30: =IF(L30="","",ROUND(L30*'สรุป'!$C$6,-1)) | S30: https://mstgolf.co.th/products/gf1280101420 | T30: =IF(B30="ไม้กอล์ฟ",J30,"")
A31: 1 | B31: ไม้กอล์ฟ | C31: gf1280101237 | D31: MIZUNO JPX-925 Forged (2024) Men's Irons | E31: MIZUNO | F31: SET OF IRONS | G31: GF1280101238R | H31: 4 | I31: มี | J31: 1550 | L31: 1130 | M31: =IF(L31="","ไม่พบใน SG",IF(ABS(J31-L31)<0.005,"ตรงกัน","ไม่ตรง")) | N31: =IF(L31="","",ROUND(L31*'สรุป'!$C$6,-1)) | S31: https://mstgolf.co.th/products/gf1280101237 | T31: =IF(B31="ไม้กอล์ฟ",J31,"")
A32: 1 | B32: ไม้กอล์ฟ | C32: gf1240101199 | D32: TITLEIST SC Concept x 7.2 Limited Edition Men's Putter (2023) | E32: TITLEIST | F32: PUTTER | G32: GF124010120034 | H32: 1 | I32: มี | J32: 1500 | L32: 1500 | M32: =IF(L32="","ไม่พบใน SG",IF(ABS(J32-L32)<0.005,"ตรงกัน","ไม่ตรง")) | N32: =IF(L32="","",ROUND(L32*'สรุป'!$C$6,-1)) | S32: https://mstgolf.co.th/products/gf1240101199 | T32: =IF(B32="ไม้กอล์ฟ",J32,"")
A33: 1 | B33: ไม้กอล์ฟ | C33: gf1280101149 | D33: ONOFF KURO Forged (2024) Men's Irons | E33: ONOFF | F33: SET OF IRONS | G33: GF1280101149S | H33: 3 | I33: มี | J33: 1450 | K33: ต่างกัน | L33: 1190 | M33: =IF(L33="","ไม่พบใน SG",IF(ABS(J33-L33)<0.005,"ตรงกัน","ไม่ตรง")) | N33: =IF(L33="","",ROUND(L33*'สรุป'!$C$6,-1)) | S33: https://mstgolf.co.th/products/gf1280101149 | T33: =IF(B33="ไม้กอล์ฟ",J33,"")
A34: 1 | B34: ไม้กอล์ฟ | C34: gf1280101298 | D34: PING G440 (2025) Men's Irons | E34: PING | F34: SET OF IRONS | G34: GF1280101298R | H34: 2 | I34: มี | J34: 1450 | K34: ต่างกัน | L34: 1450 | M34: =IF(L34="","ไม่พบใน SG",IF(ABS(J34-L34)<0.005,"ตรงกัน","ไม่ตรง")) | N34: =IF(L34="","",ROUND(L34*'สรุป'!$C$6,-1)) | S34: https://mstgolf.co.th/products/gf1280101298 | T34: =IF(B34="ไม้กอล์ฟ",J34,"")
A35: 1 | B35: ไม้กอล์ฟ | C35: gf1210101236 | D35: MAJESTY Royale (2025) Men's Driver | E35: MAJESTY | F35: DRIVER | G35: GF1210101236105R | H35: 2 | I35: มี | J35: 1390 | L35: 1390 | M35: =IF(L35="","ไม่พบใน SG",IF(ABS(J35-L35)<0.005,"ตรงกัน","ไม่ตรง")) | N35: =IF(L35="","",ROUND(L35*'สรุป'!$C$6,-1)) | S35: https://mstgolf.co.th/products/gf1210101236 | T35: =IF(B35="ไม้กอล์ฟ",J35,"")
A36: 1 | B36: ไม้กอล์ฟ | C36: gf1280101309 | D36: TAYLORMADE Qi Max Lite (2025) Men's Irons | E36: TAYLORMADE | F36: SET OF IRONS | G36: GF1280101311R | H36: 2 | I36: มี | J36: 1390 | K36: ต่างกัน | L36: 1090 | M36: =IF(L36="","ไม่พบใน SG",IF(ABS(J36-L36)<0.005,"ตรงกัน","ไม่ตรง")) | N36: =IF(L36="","",ROUND(L36*'สรุป'!$C$6,-1)) | S36: https://mstgolf.co.th/products/gf1280101309 | T36: =IF(B36="ไม้กอล์ฟ",J36,"")
A37: 1 | B37: ไม้กอล์ฟ | C37: gf1280101425 | D37: TAYLORMADE Qi Max Lite (2026) Men's Irons | E37: TAYLORMADE | F37: SET OF IRONS | G37: GF1280101426S | H37: 3 | I37: มี | J37: 1350 | K37: ต่างกัน | L37: 1350 | M37: =IF(L37="","ไม่พบใน SG",IF(ABS(J37-L37)<0.005,"ตรงกัน","ไม่ตรง")) | N37: =IF(L37="","",ROUND(L37*'สรุป'!$C$6,-1)) | S37: https://mstgolf.co.th/products/gf1280101425 | T37: =IF(B37="ไม้กอล์ฟ",J37,"")
A38: 1 | B38: ไม้กอล์ฟ | C38: gf1280101240 | D38: MIZUNO JPX-925 Hot Metal (2024) Men's Irons | E38: MIZUNO | F38: SET OF IRONS | G38: GF1280101241R | H38: 3 | I38: มี | J38: 1330 | L38: 990 | M38: =IF(L38="","ไม่พบใน SG",IF(ABS(J38-L38)<0.005,"ตรงกัน","ไม่ตรง")) | N38: =IF(L38="","",ROUND(L38*'สรุป'!$C$6,-1)) | S38: https://mstgolf.co.th/products/gf1280101240 | T38: =IF(B38="ไม้กอล์ฟ",J38,"")
A39: 1 | B39: ไม้กอล์ฟ | C39: gf1250100214 | D39: COBRA Fly XL (2021) Women's Package Set | E39: COBRA | F39: PACKAGE SET | G39: GF1250100214 | H39: 1 | I39: มี | J39: 1290 | M39: =IF(L39="","ไม่พบใน SG",IF(ABS(J39-L39)<0.005,"ตรงกัน","ไม่ตรง")) | N39: =IF(L39="","",ROUND(L39*'สรุป'!$C$6,-1)) | S39: https://mstgolf.co.th/products/gf1250100214 | T39: =IF(B39="ไม้กอล์ฟ",J39,"")
A40: 1 | B40: ไม้กอล์ฟ | C40: gf1220100795 | D40: MAJESTY Prestigio 13 (2024) Men's Fairway | E40: MAJESTY | F40: FAIRWAY WOOD | G40: GF1220100795#3R | H40: 6 | I40: มี | J40: 1290 | L40: 1290 | M40: =IF(L40="","ไม่พบใน SG",IF(ABS(J40-L40)<0.005,"ตรงกัน","ไม่ตรง")) | N40: =IF(L40="","",ROUND(L40*'สรุป'!$C$6,-1)) | S40: https://mstgolf.co.th/products/gf1220100795 | T40: =IF(B40="ไม้กอล์ฟ",J40,"")
A41: 1 | B41: ไม้กอล์ฟ | C41: gf1280100967 | D41: MARUMAN SG M230 (2023) Men's Irons (6 Clubs) | E41: MARUMAN | F41: SET OF IRONS | G41: GF1280100968S | H41: 5 | I41: มี | J41: 1290 | K41: ต่างกัน | L41: 1290 | M41: =IF(L41="","ไม่พบใน SG",IF(ABS(J41-L41)<0.005,"ตรงกัน","ไม่ตรง")) | N41: =IF(L41="","",ROUND(L41*'สรุป'!$C$6,-1)) | S41: https://mstgolf.co.th/products/gf1280100967 | T41: =IF(B41="ไม้กอล์ฟ",J41,"")
A42: 1 | B42: ไม้กอล์ฟ | C42: gf1250100201 | D42: MIZUNO RV-9 (2025) Men's Package Set | E42: MIZUNO | F42: PACKAGE SET | G42: GF1250100201R | H42: 1 | I42: มี | J42: 1290 | L42: 1290 | M42: =IF(L42="","ไม่พบใน SG",IF(ABS(J42-L42)<0.005,"ตรงกัน","ไม่ตรง")) | N42: =IF(L42="","",ROUND(L42*'สรุป'!$C$6,-1)) | S42: https://mstgolf.co.th/products/gf1250100201 | T42: =IF(B42="ไม้กอล์ฟ",J42,"")
A43: 1 | B43: ไม้กอล์ฟ | C43: gf1280101292 | D43: TAYLORMADE Qi Gunmetal Edition (2025) Men's Irons | E43: TAYLORMADE | F43: SET OF IRONS | G43: GF1280101349R | H43: 2 | I43: มี | J43: 1270 | K43: ต่างกัน | L43: 1090 | M43: =IF(L43="","ไม่พบใน SG",IF(ABS(J43-L43)<0.005,"ตรงกัน","ไม่ตรง")) | N43: =IF(L43="","",ROUND(L43*'สรุป'!$C$6,-1)) | S43: https://mstgolf.co.th/products/gf1280101292 | T43: =IF(B43="ไม้กอล์ฟ",J43,"")
A44: 1 | B44: ไม้กอล์ฟ | C44: gf1250100203 | D44: MIZUNO EFIL-9 (2025) Women's Package Set | E44: MIZUNO | F44: PACKAGE SET | G44: GF1250100203L | H44: 1 | I44: มี | J44: 1250 | L44: 1250 | M44: =IF(L44="","ไม่พบใน SG",IF(ABS(J44-L44)<0.005,"ตรงกัน","ไม่ตรง")) | N44: =IF(L44="","",ROUND(L44*'สรุป'!$C$6,-1)) | S44: https://mstgolf.co.th/products/gf1250100203 | T44: =IF(B44="ไม้กอล์ฟ",J44,"")
A45: 1 | B45: ไม้กอล์ฟ | C45: gf1280101427 | D45: TAYLORMADE Qi Max Lite (2026) Women's Irons | E45: TAYLORMADE | F45: SET OF IRONS | G45: GF1280101427L | H45: 1 | I45: มี | J45: 1250 | L45: 1250 | M45: =IF(L45="","ไม่พบใน SG",IF(ABS(J45-L45)<0.005,"ตรงกัน","ไม่ตรง")) | N45: =IF(L45="","",ROUND(L45*'สรุป'!$C$6,-1)) | S45: https://mstgolf.co.th/products/gf1280101427 | T45: =IF(B45="ไม้กอล์ฟ",J45,"")
A46: 1 | B46: ไม้กอล์ฟ | C46: gf1280101102 | D46: YAMAHA RMX VD X (2024) Men's Irons (6 Clubs) | E46: YAMAHA | F46: SET OF IRONS | G46: GF1280101103R | H46: 4 | I46: มี | J46: 1240 | L46: 625 | M46: =IF(L46="","ไม่พบใน SG",IF(ABS(J46-L46)<0.005,"ตรงกัน","ไม่ตรง")) | N46: =IF(L46="","",ROUND(L46*'สรุป'!$C$6,-1)) | S46: https://mstgolf.co.th/products/gf1280101102 | T46: =IF(B46="ไม้กอล์ฟ",J46,"")
A47: 1 | B47: ไม้กอล์ฟ | C47: gf1250100188 | D47: MARUMAN 2W (2021) Women's Package Set | E47: MARUMAN | F47: PACKAGE SET | G47: GF1250100188 | H47: 1 | I47: มี | J47: 1190 | L47: 799 | M47: =IF(L47="","ไม่พบใน SG",IF(ABS(J47-L47)<0.005,"ตรงกัน","ไม่ตรง")) | N47: =IF(L47="","",ROUND(L47*'สรุป'!$C$6,-1)) | S47: https://mstgolf.co.th/products/gf1250100188 | T47: =IF(B47="ไม้กอล์ฟ",J47,"")
A48: 1 | B48: ไม้กอล์ฟ | C48: gf1280100857 | D48: TAYLORMADE P770 (2023) Men's Irons | E48: TAYLORMADE | F48: SET OF IRONS | G48: GF1280100859S | H48: 4 | I48: มี | J48: 1190 | L48: 990 | M48: =IF(L48="","ไม่พบใน SG",IF(ABS(J48-L48)<0.005,"ตรงกัน","ไม่ตรง")) | N48: =IF(L48="","",ROUND(L48*'สรุป'!$C$6,-1)) | S48: https://mstgolf.co.th/products/gf1280100857 | T48: =IF(B48="ไม้กอล์ฟ",J48,"")
A49: 1 | B49: ไม้กอล์ฟ | C49: gf1280101163 | D49: TAYLORMADE Qi (2024) Men's Irons | E49: TAYLORMADE | F49: SET OF IRONS | G49: GF1280101165R | H49: 5 | I49: มี | J49: 1190 | K49: ต่างกัน | L49: 990 | M49: =IF(L49="","ไม่พบใน SG",IF(ABS(J49-L49)<0.005,"ตรงกัน","ไม่ตรง")) | N49: =IF(L49="","",ROUND(L49*'สรุป'!$C$6,-1)) | S49: https://mstgolf.co.th/products/gf1280101163 | T49: =IF(B49="ไม้กอล์ฟ",J49,"")
A50: 1 | B50: ไม้กอล์ฟ | C50: gf1280101167 | D50: TAYLORMADE Qi (2024) Women's Irons | E50: TAYLORMADE | F50: SET OF IRONS | G50: GF1280101167L | H50: 1 | I50: มี | J50: 1190 | L50: 990 | M50: =IF(L50="","ไม่พบใน SG",IF(ABS(J50-L50)<0.005,"ตรงกัน","ไม่ตรง")) | N50: =IF(L50="","",ROUND(L50*'สรุป'!$C$6,-1)) | S50: https://mstgolf.co.th/products/gf1280101167 | T50: =IF(B50="ไม้กอล์ฟ",J50,"")
A51: 1 | B51: ไม้กอล์ฟ | C51: gf1280101168 | D51: TAYLORMADE Qi HL (2024) Men's Irons | E51: TAYLORMADE | F51: SET OF IRONS | G51: GF1280101169R | H51: 2 | I51: มี | J51: 1190 | K51: ต่างกัน | L51: 990 | M51: =IF(L51="","ไม่พบใน SG",IF(ABS(J51-L51)<0.005,"ตรงกัน","ไม่ตรง")) | N51: =IF(L51="","",ROUND(L51*'สรุป'!$C$6,-1)) | S51: https://mstgolf.co.th/products/gf1280101168 | T51: =IF(B51="ไม้กอล์ฟ",J51,"")
A52: 1 | B52: ไม้กอล์ฟ | C52: gf1280101373 | D52: YAMAHA RMX DD-1 Tour Model (2026) Men's Irons | E52: YAMAHA | F52: SET OF IRONS | G52: GF1280101373S | H52: 1 | I52: มี | J52: 1190 | L52: 790 | M52: =IF(L52="","ไม่พบใน SG",IF(ABS(J52-L52)<0.005,"ตรงกัน","ไม่ตรง")) | N52: =IF(L52="","",ROUND(L52*'สรุป'!$C$6,-1)) | S52: https://mstgolf.co.th/products/gf1280101373 | T52: =IF(B52="ไม้กอล์ฟ",J52,"")
A53: 1 | B53: ไม้กอล์ฟ | C53: gf1280101151 | D53: ONOFF Aka Tungsten (2024) Men's Irons | E53: ONOFF | F53: SET OF IRONS | G53: GF1280101224R | H53: 4 | I53: มี | J53: 1170 | K53: ต่างกัน | L53: 1170 | M53: =IF(L53="","ไม่พบใน SG",IF(ABS(J53-L53)<0.005,"ตรงกัน","ไม่ตรง")) | N53: =IF(L53="","",ROUND(L53*'สรุป'!$C$6,-1)) | S53: https://mstgolf.co.th/products/gf1280101151 | T53: =IF(B53="ไม้กอล์ฟ",J53,"")
A54: 1 | B54: ไม้กอล์ฟ | C54: gf1280101080 | D54: MIZUNO MP 241 (2024) Men's Irons | E54: MIZUNO | F54: SET OF IRONS | G54: GF1280101080S | H54: 1 | I54: มี | J54: 1160 | L54: 959 | M54: =IF(L54="","ไม่พบใน SG",IF(ABS(J54-L54)<0.005,"ตรงกัน","ไม่ตรง")) | N54: =IF(L54="","",ROUND(L54*'สรุป'!$C$6,-1)) | S54: https://mstgolf.co.th/products/gf1280101080 | T54: =IF(B54="ไม้กอล์ฟ",J54,"")
A55: 1 | B55: ไม้กอล์ฟ | C55: gf1280101081 | D55: MIZUNO MP 243 (2024) Men's Irons | E55: MIZUNO | F55: SET OF IRONS | G55: GF1280101081S | H55: 2 | I55: มี | J55: 1160 | L55: 959 | M55: =IF(L55="","ไม่พบใน SG",IF(ABS(J55-L55)<0.005,"ตรงกัน","ไม่ตรง")) | N55: =IF(L55="","",ROUND(L55*'สรุป'!$C$6,-1)) | S55: https://mstgolf.co.th/products/gf1280101081 | T55: =IF(B55="ไม้กอล์ฟ",J55,"")
A56: 1 | B56: ไม้กอล์ฟ | C56: gf1280101100 | D56: YAMAHA RMX VD R (2024) Men's Irons | E56: YAMAHA | F56: SET OF IRONS | G56: GF1280101100S | H56: 1 | I56: มี | J56: 1160 | L56: 625 | M56: =IF(L56="","ไม่พบใน SG",IF(ABS(J56-L56)<0.005,"ตรงกัน","ไม่ตรง")) | N56: =IF(L56="","",ROUND(L56*'สรุป'!$C$6,-1)) | S56: https://mstgolf.co.th/products/gf1280101100 | T56: =IF(B56="ไม้กอล์ฟ",J56,"")
A57: 1 | B57: ไม้กอล์ฟ | C57: gf1250100198 | D57: COBRA FLY XL Black Pink (2025) Women's Package Set | E57: COBRA | F57: PACKAGE SET | G57: GF1250100198 | H57: 1 | I57: มี | J57: 1150 | L57: 1150 | M57: =IF(L57="","ไม่พบใน SG",IF(ABS(J57-L57)<0.005,"ตรงกัน","ไม่ตรง")) | N57: =IF(L57="","",ROUND(L57*'สรุป'!$C$6,-1)) | S57: https://mstgolf.co.th/products/gf1250100198 | T57: =IF(B57="ไม้กอล์ฟ",J57,"")
A58: 1 | B58: ไม้กอล์ฟ | C58: gf1250100216 | D58: MARUMAN Zeta Max (2025) Men's Package Set | E58: MARUMAN | F58: PACKAGE SET | G58: GF1250100216R | H58: 1 | I58: มี | J58: 1150 | L58: 799 | M58: =IF(L58="","ไม่พบใน SG",IF(ABS(J58-L58)<0.005,"ตรงกัน","ไม่ตรง")) | N58: =IF(L58="","",ROUND(L58*'สรุป'!$C$6,-1)) | S58: https://mstgolf.co.th/products/gf1250100216 | T58: =IF(B58="ไม้กอล์ฟ",J58,"")
A59: 1 | B59: อุปกรณ์วัดระยะ/เทคโนโลยี | C59: gf3190100102 | D59: GARMIN Approach S70 x TaylorMade Smartwatch - 47mm (Black/Blue) | E59: GARMIN | F59: WATCH | G59: GF3190100102 | H59: 1 | I59: มี | J59: 1069 | L59: 1069 | M59: =IF(L59="","ไม่พบใน SG",IF(ABS(J59-L59)<0.005,"ตรงกัน","ไม่ตรง")) | N59: =IF(L59="","",ROUND(L59*'สรุป'!$C$6,-1)) | S59: https://mstgolf.co.th/products/gf3190100102 | T59: =IF(B59="ไม้กอล์ฟ",J59,"")
A60: 1 | B60: อุปกรณ์วัดระยะ/เทคโนโลยี | C60: gf3190200042 | D60: RAPSODO MLM 2 Pro Mobile Launch Monitor | E60: RAPSODO | F60: HANDHELD | G60: GF3190200042 | H60: 1 | I60: มี | J60: 1050 | L60: 1050 | M60: =IF(L60="","ไม่พบใน SG",IF(ABS(J60-L60)<0.005,"ตรงกัน","ไม่ตรง")) | N60: =IF(L60="","",ROUND(L60*'สรุป'!$C$6,-1)) | S60: https://mstgolf.co.th/products/gf3190200042 | T60: =IF(B60="ไม้กอล์ฟ",J60,"")
A61: 1 | B61: ไม้กอล์ฟ | C61: gf1250100192 | D61: TAYLORMADE Team TaylorMade (2024) Junior Package Set (Ages 10-12) | E61: TAYLORMADE | F61: PACKAGE SET | G61: GF1250100192 | H61: 1 | I61: มี | J61: 1050 | L61: 1050 | M61: =IF(L61="","ไม่พบใน SG",IF(ABS(J61-L61)<0.005,"ตรงกัน","ไม่ตรง")) | N61: =IF(L61="","",ROUND(L61*'สรุป'!$C$6,-1)) | S61: https://mstgolf.co.th/products/gf1250100192 | T61: =IF(B61="ไม้กอล์ฟ",J61,"")
A62: 1 | B62: ไม้กอล์ฟ | C62: gf1280100545 | D62: TAYLORMADE P770 2020 Men's Irons | E62: TAYLORMADE | F62: SET OF IRONS | G62: GF1280100545R | H62: 2 | I62: มี | J62: 990 | L62: 899 | M62: =IF(L62="","ไม่พบใน SG",IF(ABS(J62-L62)<0.005,"ตรงกัน","ไม่ตรง")) | N62: =IF(L62="","",ROUND(L62*'สรุป'!$C$6,-1)) | S62: https://mstgolf.co.th/products/gf1280100545 | T62: =IF(B62="ไม้กอล์ฟ",J62,"")
A63: 1 | B63: ไม้กอล์ฟ | C63: gf1280100745 | D63: TAYLORMADE P7MC (2020) Men's Irons | E63: TAYLORMADE | F63: SET OF IRONS | G63: GF1280100745R | H63: 2 | I63: มี | J63: 990 | M63: =IF(L63="","ไม่พบใน SG",IF(ABS(J63-L63)<0.005,"ตรงกัน","ไม่ตรง")) | N63: =IF(L63="","",ROUND(L63*'สรุป'!$C$6,-1)) | S63: https://mstgolf.co.th/products/gf1280100745 | T63: =IF(B63="ไม้กอล์ฟ",J63,"")
A64: 1 | B64: ไม้กอล์ฟ | C64: gf1280100872 | D64: TAYLORMADE P7MC (2023) Men's Irons | E64: TAYLORMADE | F64: SET OF IRONS | G64: GF1280100872S | H64: 2 | I64: มี | J64: 990 | L64: 990 | M64: =IF(L64="","ไม่พบใน SG",IF(ABS(J64-L64)<0.005,"ตรงกัน","ไม่ตรง")) | N64: =IF(L64="","",ROUND(L64*'สรุป'!$C$6,-1)) | S64: https://mstgolf.co.th/products/gf1280100872 | T64: =IF(B64="ไม้กอล์ฟ",J64,"")
A65: 1 | B65: ไม้กอล์ฟ | C65: gf1280100985 | D65: TAYLORMADE Stealth Black Limited Edition Men's Irons | E65: TAYLORMADE | F65: SET OF IRONS | G65: GF1280100985S | H65: 1 | I65: มี | J65: 990 | M65: =IF(L65="","ไม่พบใน SG",IF(ABS(J65-L65)<0.005,"ตรงกัน","ไม่ตรง")) | N65: =IF(L65="","",ROUND(L65*'สรุป'!$C$6,-1)) | S65: https://mstgolf.co.th/products/gf1280100985 | T65: =IF(B65="ไม้กอล์ฟ",J65,"")
A66: 1 | B66: ไม้กอล์ฟ | C66: gf1230100180 | D66: GIII Signature (2019) Men's Hybrid | E66: GIII | F66: UTILITY/HYBRID | G66: GF1230100180#3R | H66: 5 | I66: มี | J66: 975 | L66: 975 | M66: =IF(L66="","ไม่พบใน SG",IF(ABS(J66-L66)<0.005,"ตรงกัน","ไม่ตรง")) | N66: =IF(L66="","",ROUND(L66*'สรุป'!$C$6,-1)) | S66: https://mstgolf.co.th/products/gf1230100180 | T66: =IF(B66="ไม้กอล์ฟ",J66,"")
A67: 1 | B67: ไม้กอล์ฟ | C67: gf1210101356 | D67: PING G440 K (2026) Men's Driver | E67: PING | F67: DRIVER | G67: GF12101013569SR | H67: 5 | I67: มี | J67: 970 | L67: 895 | M67: =IF(L67="","ไม่พบใน SG",IF(ABS(J67-L67)<0.005,"ตรงกัน","ไม่ตรง")) | N67: =IF(L67="","",ROUND(L67*'สรุป'!$C$6,-1)) | S67: https://mstgolf.co.th/products/gf1210101356 | T67: =IF(B67="ไม้กอล์ฟ",J67,"")
A68: 1 | B68: ไม้กอล์ฟ | C68: gf1280100407 | D68: TITLEIST T-100 Men's Irons | E68: TITLEIST | F68: SET OF IRONS | G68: GF1280100407S | H68: 2 | I68: มี | J68: 950 | L68: 950 | M68: =IF(L68="","ไม่พบใน SG",IF(ABS(J68-L68)<0.005,"ตรงกัน","ไม่ตรง")) | N68: =IF(L68="","",ROUND(L68*'สรุป'!$C$6,-1)) | S68: https://mstgolf.co.th/products/gf1280100407 | T68: =IF(B68="ไม้กอล์ฟ",J68,"")
A69: 1 | B69: ไม้กอล์ฟ | C69: gf1280101365 | D69: YAMAHA RMX Forged (2024) Men's Irons | E69: YAMAHA | F69: SET OF IRONS | G69: GF1280101365R | H69: 1 | I69: มี | J69: 950 | L69: 599 | M69: =IF(L69="","ไม่พบใน SG",IF(ABS(J69-L69)<0.005,"ตรงกัน","ไม่ตรง")) | N69: =IF(L69="","",ROUND(L69*'สรุป'!$C$6,-1)) | S69: https://mstgolf.co.th/products/gf1280101365 | T69: =IF(B69="ไม้กอล์ฟ",J69,"")
A70: 1 | B70: ไม้กอล์ฟ | C70: gf1210101264 | D70: TAYLORMADE QI35 Ryder Europe (2025) Men's Driver | E70: TAYLORMADE | F70: DRIVER | G70: GF12101012649S | H70: 3 | I70: มี | J70: 929 | L70: 679 | M70: =IF(L70="","ไม่พบใน SG",IF(ABS(J70-L70)<0.005,"ตรงกัน","ไม่ตรง")) | N70: =IF(L70="","",ROUND(L70*'สรุป'!$C$6,-1)) | S70: https://mstgolf.co.th/products/gf1210101264 | T70: =IF(B70="ไม้กอล์ฟ",J70,"")
A71: 1 | B71: ไม้กอล์ฟ | C71: gf1210101263 | D71: TAYLORMADE QI35 Ryder US (2025) Men's Driver | E71: TAYLORMADE | F71: DRIVER | G71: GF12101012639S | H71: 3 | I71: มี | J71: 929 | L71: 679 | M71: =IF(L71="","ไม่พบใน SG",IF(ABS(J71-L71)<0.005,"ตรงกัน","ไม่ตรง")) | N71: =IF(L71="","",ROUND(L71*'สรุป'!$C$6,-1)) | S71: https://mstgolf.co.th/products/gf1210101263 | T71: =IF(B71="ไม้กอล์ฟ",J71,"")
A72: 1 | B72: ไม้กอล์ฟ | C72: gf1210101326 | D72: TAYLORMADE Qi4D (2026) Men's Driver | E72: TAYLORMADE | F72: DRIVER | G72: GF12101013299SR | H72: 11 | I72: มี | J72: 929 | L72: 799 | M72: =IF(L72="","ไม่พบใน SG",IF(ABS(J72-L72)<0.005,"ตรงกัน","ไม่ตรง")) | N72: =IF(L72="","",ROUND(L72*'สรุป'!$C$6,-1)) | S72: https://mstgolf.co.th/products/gf1210101326 | T72: =IF(B72="ไม้กอล์ฟ",J72,"")
A73: 1 | B73: ไม้กอล์ฟ | C73: gf1210101322 | D73: TAYLORMADE Qi4D LS (2026) Men's Driver | E73: TAYLORMADE | F73: DRIVER | G73: GF12101013229S | H73: 2 | I73: มี | J73: 929 | L73: 799 | M73: =IF(L73="","ไม่พบใน SG",IF(ABS(J73-L73)<0.005,"ตรงกัน","ไม่ตรง")) | N73: =IF(L73="","",ROUND(L73*'สรุป'!$C$6,-1)) | S73: https://mstgolf.co.th/products/gf1210101322 | T73: =IF(B73="ไม้กอล์ฟ",J73,"")
A74: 1 | B74: ไม้กอล์ฟ | C74: gf1210101334 | D74: TAYLORMADE Qi4D Max (2026) Men's Driver | E74: TAYLORMADE | F74: DRIVER | G74: GF12101013369S | H74: 12 | I74: มี | J74: 929 | L74: 799 | M74: =IF(L74="","ไม่พบใน SG",IF(ABS(J74-L74)<0.005,"ตรงกัน","ไม่ตรง")) | N74: =IF(L74="","",ROUND(L74*'สรุป'!$C$6,-1)) | S74: https://mstgolf.co.th/products/gf1210101334 | T74: =IF(B74="ไม้กอล์ฟ",J74,"")
A75: 1 | B75: ไม้กอล์ฟ | C75: gf1210101338 | D75: TAYLORMADE Qi4D Max Lite (2026) Men's Driver | E75: TAYLORMADE | F75: DRIVER | G75: GF1210101338105R | H75: 2 | I75: มี | J75: 929 | L75: 799 | M75: =IF(L75="","ไม่พบใน SG",IF(ABS(J75-L75)<0.005,"ตรงกัน","ไม่ตรง")) | N75: =IF(L75="","",ROUND(L75*'สรุป'!$C$6,-1)) | S75: https://mstgolf.co.th/products/gf1210101338 | T75: =IF(B75="ไม้กอล์ฟ",J75,"")
A76: 1 | B76: ไม้กอล์ฟ | C76: gf1210101177 | D76: PING G440 LST (2025) Men's Driver | E76: PING | F76: DRIVER | G76: GF12101011779S | H76: 4 | I76: มี | J76: 907 | L76: 895 | M76: =IF(L76="","ไม่พบใน SG",IF(ABS(J76-L76)<0.005,"ตรงกัน","ไม่ตรง")) | N76: =IF(L76="","",ROUND(L76*'สรุป'!$C$6,-1)) | S76: https://mstgolf.co.th/products/gf1210101177 | T76: =IF(B76="ไม้กอล์ฟ",J76,"")
A77: 1 | B77: ไม้กอล์ฟ | C77: gf1210101174 | D77: PING G440 Max (2025) Men's Driver | E77: PING | F77: DRIVER | G77: GF12101011759S | H77: 7 | I77: มี | J77: 907 | L77: 895 | M77: =IF(L77="","ไม่พบใน SG",IF(ABS(J77-L77)<0.005,"ตรงกัน","ไม่ตรง")) | N77: =IF(L77="","",ROUND(L77*'สรุป'!$C$6,-1)) | S77: https://mstgolf.co.th/products/gf1210101174 | T77: =IF(B77="ไม้กอล์ฟ",J77,"")
A78: 1 | B78: ไม้กอล์ฟ | C78: gf1210101178 | D78: PING G440 Max HL (2025) Men's Driver | E78: PING | F78: DRIVER | G78: GF1210101178105 | H78: 2 | I78: มี | J78: 907 | K78: ต่างกัน | L78: 895 | M78: =IF(L78="","ไม่พบใน SG",IF(ABS(J78-L78)<0.005,"ตรงกัน","ไม่ตรง")) | N78: =IF(L78="","",ROUND(L78*'สรุป'!$C$6,-1)) | S78: https://mstgolf.co.th/products/gf1210101178 | T78: =IF(B78="ไม้กอล์ฟ",J78,"")
A79: 1 | B79: ไม้กอล์ฟ | C79: gf1210101176 | D79: PING G440 SFT (2025) Men's Driver | E79: PING | F79: DRIVER | G79: GF1210101176105R | H79: 2 | I79: มี | J79: 907 | L79: 895 | M79: =IF(L79="","ไม่พบใน SG",IF(ABS(J79-L79)<0.005,"ตรงกัน","ไม่ตรง")) | N79: =IF(L79="","",ROUND(L79*'สรุป'!$C$6,-1)) | S79: https://mstgolf.co.th/products/gf1210101176 | T79: =IF(B79="ไม้กอล์ฟ",J79,"")
A80: 1 | B80: ไม้กอล์ฟ | C80: gf1280100899 | D80: MIZUNO JPX-923 Tour (2023) Men's Irons | E80: MIZUNO | F80: SET OF IRONS | G80: GF1280100899S | H80: 1 | I80: มี | J80: 899 | L80: 789 | M80: =IF(L80="","ไม่พบใน SG",IF(ABS(J80-L80)<0.005,"ตรงกัน","ไม่ตรง")) | N80: =IF(L80="","",ROUND(L80*'สรุป'!$C$6,-1)) | S80: https://mstgolf.co.th/products/gf1280100899 | T80: =IF(B80="ไม้กอล์ฟ",J80,"")
A81: 1 | B81: ไม้กอล์ฟ | C81: gf1280100693 | D81: MIZUNO Pro 221 Men's Irons | E81: MIZUNO | F81: SET OF IRONS | G81: GF1280100693S | H81: 1 | I81: มี | J81: 899 | L81: 899 | M81: =IF(L81="","ไม่พบใน SG",IF(ABS(J81-L81)<0.005,"ตรงกัน","ไม่ตรง")) | N81: =IF(L81="","",ROUND(L81*'สรุป'!$C$6,-1)) | S81: https://mstgolf.co.th/products/gf1280100693 | T81: =IF(B81="ไม้กอล์ฟ",J81,"")
A82: 1 | B82: ไม้กอล์ฟ | C82: gf1280100789 | D82: ONOFF AKA Tungsten (2022) Men's Irons | E82: ONOFF | F82: SET OF IRONS | G82: GF1280100828SR | H82: 3 | I82: มี | J82: 899 | L82: 789 | M82: =IF(L82="","ไม่พบใน SG",IF(ABS(J82-L82)<0.005,"ตรงกัน","ไม่ตรง")) | N82: =IF(L82="","",ROUND(L82*'สรุป'!$C$6,-1)) | S82: https://mstgolf.co.th/products/gf1280100789 | T82: =IF(B82="ไม้กอล์ฟ",J82,"")
A83: 1 | B83: ไม้กอล์ฟ | C83: gf1280100786 | D83: ONOFF Kuro Forged (2021) Men's Irons | E83: ONOFF | F83: SET OF IRONS | G83: GF1280100787S | H83: 2 | I83: มี | J83: 899 | L83: 739 | M83: =IF(L83="","ไม่พบใน SG",IF(ABS(J83-L83)<0.005,"ตรงกัน","ไม่ตรง")) | N83: =IF(L83="","",ROUND(L83*'สรุป'!$C$6,-1)) | S83: https://mstgolf.co.th/products/gf1280100786 | T83: =IF(B83="ไม้กอล์ฟ",J83,"")
A84: 1 | B84: อุปกรณ์วัดระยะ/เทคโนโลยี | C84: gf3190200027 | D84: VOICE CADDIE Swing Caddie Portable Launch Monitor | E84: VOICE CADDIE | F84: HANDHELD | G84: GF3190200027 | H84: 1 | I84: มี | J84: 890 | L84: 890 | M84: =IF(L84="","ไม่พบใน SG",IF(ABS(J84-L84)<0.005,"ตรงกัน","ไม่ตรง")) | N84: =IF(L84="","",ROUND(L84*'สรุป'!$C$6,-1)) | S84: https://mstgolf.co.th/products/gf3190200027 | T84: =IF(B84="ไม้กอล์ฟ",J84,"")
A85: 1 | B85: ไม้กอล์ฟ | C85: gf1240101464 | D85: TITLEIST Studio Style Fastback Long Design (2025) Men's Putter | E85: TITLEIST | F85: PUTTER | G85: GF124010146438 | H85: 1 | I85: มี | J85: 879 | L85: 879 | M85: =IF(L85="","ไม่พบใน SG",IF(ABS(J85-L85)<0.005,"ตรงกัน","ไม่ตรง")) | N85: =IF(L85="","",ROUND(L85*'สรุป'!$C$6,-1)) | S85: https://mstgolf.co.th/products/gf1240101464 | T85: =IF(B85="ไม้กอล์ฟ",J85,"")
A86: 1 | B86: ไม้กอล์ฟ | C86: gf1210100990 | D86: ONOFF KURO (2024) Men's Driver | E86: ONOFF | F86: DRIVER | G86: GF12101009909.5S | H86: 2 | I86: มี | J86: 849 | L86: 689 | M86: =IF(L86="","ไม่พบใน SG",IF(ABS(J86-L86)<0.005,"ตรงกัน","ไม่ตรง")) | N86: =IF(L86="","",ROUND(L86*'สรุป'!$C$6,-1)) | S86: https://mstgolf.co.th/products/gf1210100990 | T86: =IF(B86="ไม้กอล์ฟ",J86,"")
A87: 1 | B87: ไม้กอล์ฟ | C87: gf1210101359 | D87: COBRA OPTM MAX-K Black (2026) Men's Driver | E87: COBRA | F87: DRIVER | G87: GF12101013599S | H87: 4 | I87: มี | J87: 825 | L87: 825 | M87: =IF(L87="","ไม่พบใน SG",IF(ABS(J87-L87)<0.005,"ตรงกัน","ไม่ตรง")) | N87: =IF(L87="","",ROUND(L87*'สรุป'!$C$6,-1)) | S87: https://mstgolf.co.th/products/gf1210101359 | T87: =IF(B87="ไม้กอล์ฟ",J87,"")
A88: 1 | B88: ไม้กอล์ฟ | C88: gf1220100900 | D88: MAJESTY Royale (2025) Men's Fairway | E88: MAJESTY | F88: FAIRWAY WOOD | G88: GF1220100900#3R | H88: 5 | I88: มี | J88: 799 | L88: 799 | M88: =IF(L88="","ไม่พบใน SG",IF(ABS(J88-L88)<0.005,"ตรงกัน","ไม่ตรง")) | N88: =IF(L88="","",ROUND(L88*'สรุป'!$C$6,-1)) | S88: https://mstgolf.co.th/products/gf1220100900 | T88: =IF(B88="ไม้กอล์ฟ",J88,"")
A89: 1 | B89: ไม้กอล์ฟ | C89: gf1220100901 | D89: MAJESTY Royale (2025) Women's Fairway | E89: MAJESTY | F89: FAIRWAY WOOD | G89: GF1220100901#3L | H89: 2 | I89: มี | J89: 799 | L89: 799 | M89: =IF(L89="","ไม่พบใน SG",IF(ABS(J89-L89)<0.005,"ตรงกัน","ไม่ตรง")) | N89: =IF(L89="","",ROUND(L89*'สรุป'!$C$6,-1)) | S89: https://mstgolf.co.th/products/gf1220100901 | T89: =IF(B89="ไม้กอล์ฟ",J89,"")
A90: 1 | B90: ไม้กอล์ฟ | C90: gf1250100135 | D90: TAYLORMADE Rory K50 Junior Package Set (Age 9-12) | E90: TAYLORMADE | F90: PACKAGE SET | G90: GF1250100135 | H90: 1 | I90: มี | J90: 799 | L90: 799 | M90: =IF(L90="","ไม่พบใน SG",IF(ABS(J90-L90)<0.005,"ตรงกัน","ไม่ตรง")) | N90: =IF(L90="","",ROUND(L90*'สรุป'!$C$6,-1)) | S90: https://mstgolf.co.th/products/gf1250100135 | T90: =IF(B90="ไม้กอล์ฟ",J90,"")
... A172: 1 | B172: ไม้กอล์ฟ | C172: gf1220100968 | D172: TAYLORMADE Qi4D Max (2026) Men's Fairway | E172: TAYLORMADE | F172: FAIRWAY WOOD | G172: GF1220100970#3R | H172: 12 | I172: มี | J172: 539 | L172: 499 | M172: =IF(L172="","ไม่พบใน SG",IF(ABS(J172-L172)<0.005,"ตรงกัน","ไม่ตรง")) | N172: =IF(L172="","",ROUND(L172*'สรุป'!$C$6,-1)) | S172: https://mstgolf.co.th/products/gf1220100968 | T172: =IF(B172="ไม้กอล์ฟ",J172,"")
A173: 1 | B173: ไม้กอล์ฟ | C173: gf1220100971 | D173: TAYLORMADE Qi4D Max Lite (2026) Men's Fairway | E173: TAYLORMADE | F173: FAIRWAY WOOD | G173: GF1220100971#3R | H173: 2 | I173: มี | J173: 539 | M173: =IF(L173="","ไม่พบใน SG",IF(ABS(J173-L173)<0.005,"ตรงกัน","ไม่ตรง")) | N173: =IF(L173="","",ROUND(L173*'สรุป'!$C$6,-1)) | S173: https://mstgolf.co.th/products/gf1220100971 | T173: =IF(B173="ไม้กอล์ฟ",J173,"")
A174: 1 | B174: ไม้กอล์ฟ | C174: gf1220100972 | D174: TAYLORMADE Qi4D Max Lite (2026) Women's Fairway | E174: TAYLORMADE | F174: FAIRWAY WOOD | G174: GF1220100972#3L | H174: 2 | I174: มี | J174: 539 | L174: 499 | M174: =IF(L174="","ไม่พบใน SG",IF(ABS(J174-L174)<0.005,"ตรงกัน","ไม่ตรง")) | N174: =IF(L174="","",ROUND(L174*'สรุป'!$C$6,-1)) | S174: https://mstgolf.co.th/products/gf1220100972 | T174: =IF(B174="ไม้กอล์ฟ",J174,"")
A175: 1 | B175: อุปกรณ์วัดระยะ/เทคโนโลยี | C175: gf3190200034 | D175: GOLF BUDDY GB Laser 2S Laser Rangefinder (Black/Red/White) | E175: GOLF BUDDY | F175: HANDHELD | G175: GF3190200034 | H175: 1 | I175: มี | J175: 529 | L175: 299 | M175: =IF(L175="","ไม่พบใน SG",IF(ABS(J175-L175)<0.005,"ตรงกัน","ไม่ตรง")) | N175: =IF(L175="","",ROUND(L175*'สรุป'!$C$6,-1)) | S175: https://mstgolf.co.th/products/gf3190200034 | T175: =IF(B175="ไม้กอล์ฟ",J175,"")
A176: 1 | B176: ไม้กอล์ฟ | C176: gf1230100082 | D176: GIII V7 2018 Men's Utility | E176: GIII | F176: UTILITY/HYBRID | G176: GF1230100082#3R | H176: 6 | I176: มี | J176: 520 | L176: 520 | M176: =IF(L176="","ไม่พบใน SG",IF(ABS(J176-L176)<0.005,"ตรงกัน","ไม่ตรง")) | N176: =IF(L176="","",ROUND(L176*'สรุป'!$C$6,-1)) | S176: https://mstgolf.co.th/products/gf1230100082 | T176: =IF(B176="ไม้กอล์ฟ",J176,"")
A177: 1 | B177: ไม้กอล์ฟ | C177: gf1240101465 | D177: ODYSSEY Ai-ONE Square 2 Square Max 1 ZT Limited Edition (2025) Men's Putter | E177: ODYSSEY | F177: PUTTER | G177: GF124010146534 | H177: 1 | I177: มี | J177: 514 | L177: 514 | M177: =IF(L177="","ไม่พบใน SG",IF(ABS(J177-L177)<0.005,"ตรงกัน","ไม่ตรง")) | N177: =IF(L177="","",ROUND(L177*'สรุป'!$C$6,-1)) | S177: https://mstgolf.co.th/products/gf1240101465 | T177: =IF(B177="ไม้กอล์ฟ",J177,"")
A178: 1 | B178: อุปกรณ์วัดระยะ/เทคโนโลยี | C178: gf3190200061 | D178: CADDYTALK Windy Laser Rangefinder | E178: CADDYTALK | F178: HANDHELD | G178: GF3190200061 | H178: 1 | I178: มี | J178: 509 | L178: 509 | M178: =IF(L178="","ไม่พบใน SG",IF(ABS(J178-L178)<0.005,"ตรงกัน","ไม่ตรง")) | N178: =IF(L178="","",ROUND(L178*'สรุป'!$C$6,-1)) | S178: https://mstgolf.co.th/products/gf3190200061 | T178: =IF(B178="ไม้กอล์ฟ",J178,"")
A179: 1 | B179: ไม้กอล์ฟ | C179: gf1210100806 | D179: COBRA AeroJet Black (2023) Men's Driver | E179: COBRA | F179: DRIVER | G179: GF12101008069S | H179: 4 | I179: มี | J179: 499 | L179: 399 | M179: =IF(L179="","ไม่พบใน SG",IF(ABS(J179-L179)<0.005,"ตรงกัน","ไม่ตรง")) | N179: =IF(L179="","",ROUND(L179*'สรุป'!$C$6,-1)) | S179: https://mstgolf.co.th/products/gf1210100806 | T179: =IF(B179="ไม้กอล์ฟ",J179,"")
A180: 1 | B180: ไม้กอล์ฟ | C180: gf1210100811 | D180: COBRA AeroJet LS Black Men's Driver | E180: COBRA | F180: DRIVER | G180: GF12101008119X | H180: 3 | I180: มี | J180: 499 | L180: 399 | M180: =IF(L180="","ไม่พบใน SG",IF(ABS(J180-L180)<0.005,"ตรงกัน","ไม่ตรง")) | N180: =IF(L180="","",ROUND(L180*'สรุป'!$C$6,-1)) | S180: https://mstgolf.co.th/products/gf1210100811 | T180: =IF(B180="ไม้กอล์ฟ",J180,"")
A181: 1 | B181: ไม้กอล์ฟ | C181: gf1210100388 | D181: ONOFF AKA 2020 Men's Driver | E181: ONOFF | F181: DRIVER | G181: GF1210100388105R | H181: 4 | I181: มี | J181: 499 | L181: 499 | M181: =IF(L181="","ไม่พบใน SG",IF(ABS(J181-L181)<0.005,"ตรงกัน","ไม่ตรง")) | N181: =IF(L181="","",ROUND(L181*'สรุป'!$C$6,-1)) | S181: https://mstgolf.co.th/products/gf1210100388 | T181: =IF(B181="ไม้กอล์ฟ",J181,"")
...

Sheet แบรนด์
A1: แบรนด์ | B1: จำนวนสินค้า | C1: มีสต็อกบนเว็บ | D1: ราคาตรงกับ SG | E1: มีสิทธิ์ขายออนไลน์ในไทย? | F1: ผู้แทน/ผู้นำเข้าในไทย | G1: นโยบายราคา (ถ้ามี) | H1: หมายเหตุ
A2: ADIDAS | B2: =COUNTIF('สินค้า'!$E$2:$E$5575,A2) | C2: =COUNTIFS('สินค้า'!$E$2:$E$5575,A2,'สินค้า'!$I$2:$I$5575,"มี") | D2: =COUNTIFS('สินค้า'!$E$2:$E$5575,A2,'สินค้า'!$M$2:$M$5575,"ตรงกัน")
A3: TAYLORMADE | B3: =COUNTIF('สินค้า'!$E$2:$E$5575,A3) | C3: =COUNTIFS('สินค้า'!$E$2:$E$5575,A3,'สินค้า'!$I$2:$I$5575,"มี") | D3: =COUNTIFS('สินค้า'!$E$2:$E$5575,A3,'สินค้า'!$M$2:$M$5575,"ตรงกัน")
A4: PUMA | B4: =COUNTIF('สินค้า'!$E$2:$E$5575,A4) | C4: =COUNTIFS('สินค้า'!$E$2:$E$5575,A4,'สินค้า'!$I$2:$I$5575,"มี") | D4: =COUNTIFS('สินค้า'!$E$2:$E$5575,A4,'สินค้า'!$M$2:$M$5575,"ตรงกัน")
A5: GFORE | B5: =COUNTIF('สินค้า'!$E$2:$E$5575,A5) | C5: =COUNTIFS('สินค้า'!$E$2:$E$5575,A5,'สินค้า'!$I$2:$I$5575,"มี") | D5: =COUNTIFS('สินค้า'!$E$2:$E$5575,A5,'สินค้า'!$M$2:$M$5575,"ตรงกัน")
A6: UNDER ARMOUR | B6: =COUNTIF('สินค้า'!$E$2:$E$5575,A6) | C6: =COUNTIFS('สินค้า'!$E$2:$E$5575,A6,'สินค้า'!$I$2:$I$5575,"มี") | D6: =COUNTIFS('สินค้า'!$E$2:$E$5575,A6,'สินค้า'!$M$2:$M$5575,"ตรงกัน")
A7: LE COQ SPORTIF GOLF | B7: =COUNTIF('สินค้า'!$E$2:$E$5575,A7) | C7: =COUNTIFS('สินค้า'!$E$2:$E$5575,A7,'สินค้า'!$I$2:$I$5575,"มี") | D7: =COUNTIFS('สินค้า'!$E$2:$E$5575,A7,'สินค้า'!$M$2:$M$5575,"ตรงกัน")
A8: TITLEIST | B8: =COUNTIF('สินค้า'!$E$2:$E$5575,A8) | C8: =COUNTIFS('สินค้า'!$E$2:$E$5575,A8,'สินค้า'!$I$2:$I$5575,"มี") | D8: =COUNTIFS('สินค้า'!$E$2:$E$5575,A8,'สินค้า'!$M$2:$M$5575,"ตรงกัน")
A9: FOOTJOY | B9: =COUNTIF('สินค้า'!$E$2:$E$5575,A9) | C9: =COUNTIFS('สินค้า'!$E$2:$E$5575,A9,'สินค้า'!$I$2:$I$5575,"มี") | D9: =COUNTIFS('สินค้า'!$E$2:$E$5575,A9,'สินค้า'!$M$2:$M$5575,"ตรงกัน")
A10: CALVIN KLEIN | B10: =COUNTIF('สินค้า'!$E$2:$E$5575,A10) | C10: =COUNTIFS('สินค้า'!$E$2:$E$5575,A10,'สินค้า'!$I$2:$I$5575,"มี") | D10: =COUNTIFS('สินค้า'!$E$2:$E$5575,A10,'สินค้า'!$M$2:$M$5575,"ตรงกัน")
A11: WAAC | B11: =COUNTIF('สินค้า'!$E$2:$E$5575,A11) | C11: =COUNTIFS('สินค้า'!$E$2:$E$5575,A11,'สินค้า'!$I$2:$I$5575,"มี") | D11: =COUNTIFS('สินค้า'!$E$2:$E$5575,A11,'สินค้า'!$M$2:$M$5575,"ตรงกัน")
A12: NIKE | B12: =COUNTIF('สินค้า'!$E$2:$E$5575,A12) | C12: =COUNTIFS('สินค้า'!$E$2:$E$5575,A12,'สินค้า'!$I$2:$I$5575,"มี") | D12: =COUNTIFS('สินค้า'!$E$2:$E$5575,A12,'สินค้า'!$M$2:$M$5575,"ตรงกัน")
A13: CUTTER & BUCK | B13: =COUNTIF('สินค้า'!$E$2:$E$5575,A13) | C13: =COUNTIFS('สินค้า'!$E$2:$E$5575,A13,'สินค้า'!$I$2:$I$5575,"มี") | D13: =COUNTIFS('สินค้า'!$E$2:$E$5575,A13,'สินค้า'!$M$2:$M$5575,"ตรงกัน")
... A81: LE BOTANICAL | B81: =COUNTIF('สินค้า'!$E$2:$E$5575,A81) | C81: =COUNTIFS('สินค้า'!$E$2:$E$5575,A81,'สินค้า'!$I$2:$I$5575,"มี") | D81: =COUNTIFS('สินค้า'!$E$2:$E$5575,A81,'สินค้า'!$M$2:$M$5575,"ตรงกัน")
